[{"model": "admin.logentry", "pk": 1, "fields": {"action_time": "2021-12-09T13:42:03.301Z", "user": 1, "content_type": 7, "object_id": "1", "object_repr": "teifi-tkdexample.com", "action_flag": 2, "change_message": "[{\"changed\": {\"fields\": [\"Domain name\", \"Display name\"]}}]"}}, {"model": "admin.logentry", "pk": 2, "fields": {"action_time": "2021-12-09T13:42:16.191Z", "user": 1, "content_type": 7, "object_id": "1", "object_repr": "teifi-tkd.com", "action_flag": 2, "change_message": "[{\"changed\": {\"fields\": [\"Domain name\"]}}]"}}, {"model": "admin.logentry", "pk": 3, "fields": {"action_time": "2021-12-09T14:28:23.551Z", "user": 1, "content_type": 8, "object_id": "1", "object_repr": "admin@teifitkd.com", "action_flag": 1, "change_message": "[{\"added\": {}}]"}}, {"model": "admin.logentry", "pk": 4, "fields": {"action_time": "2022-01-17T11:31:06.131Z", "user": 1, "content_type": 14, "object_id": "23", "object_repr": "Ladies Training Package", "action_flag": 2, "change_message": "[]"}}, {"model": "admin.logentry", "pk": 5, "fields": {"action_time": "2022-01-17T11:32:05.929Z", "user": 1, "content_type": 14, "object_id": "17", "object_repr": "Blitz Club Semi Contact Head Guard", "action_flag": 2, "change_message": "[]"}}, {"model": "admin.logentry", "pk": 6, "fields": {"action_time": "2022-01-18T10:26:00.101Z", "user": 1, "content_type": 14, "object_id": "10", "object_repr": "Blitz Dipped Foam Gloves", "action_flag": 2, "change_message": "[]"}}, {"model": "admin.logentry", "pk": 7, "fields": {"action_time": "2022-01-18T10:26:10.132Z", "user": 1, "content_type": 14, "object_id": "11", "object_repr": "Blitz Semi Contact Open Palm Gloves", "action_flag": 2, "change_message": "[]"}}, {"model": "admin.logentry", "pk": 8, "fields": {"action_time": "2022-01-18T10:26:16.106Z", "user": 1, "content_type": 14, "object_id": "11", "object_repr": "Blitz Semi Contact Open Palm Gloves", "action_flag": 2, "change_message": "[]"}}, {"model": "admin.logentry", "pk": 9, "fields": {"action_time": "2022-01-18T10:26:20.137Z", "user": 1, "content_type": 14, "object_id": "11", "object_repr": "Blitz Semi Contact Open Palm Gloves", "action_flag": 2, "change_message": "[]"}}, {"model": "admin.logentry", "pk": 10, "fields": {"action_time": "2022-01-18T10:26:25.452Z", "user": 1, "content_type": 14, "object_id": "13", "object_repr": "Blitz Semi Contact Foot Protectors", "action_flag": 2, "change_message": "[]"}}, {"model": "admin.logentry", "pk": 11, "fields": {"action_time": "2022-01-18T10:26:35.333Z", "user": 1, "content_type": 14, "object_id": "12", "object_repr": "Blitz Dipped Foam Foot Guards", "action_flag": 2, "change_message": "[{\"changed\": {\"fields\": [\"Description\"]}}]"}}, {"model": "admin.logentry", "pk": 12, "fields": {"action_time": "2022-01-18T10:26:41.387Z", "user": 1, "content_type": 14, "object_id": "10", "object_repr": "Blitz Dipped Foam Gloves", "action_flag": 2, "change_message": "[]"}}, {"model": "admin.logentry", "pk": 13, "fields": {"action_time": "2022-01-18T10:26:46.091Z", "user": 1, "content_type": 14, "object_id": "14", "object_repr": "Blitz Dipped Foam Shin Guards", "action_flag": 2, "change_message": "[]"}}, {"model": "admin.logentry", "pk": 14, "fields": {"action_time": "2022-01-18T10:26:51.764Z", "user": 1, "content_type": 14, "object_id": "16", "object_repr": "Blitz Dipped Head Guard", "action_flag": 2, "change_message": "[]"}}, {"model": "admin.logentry", "pk": 15, "fields": {"action_time": "2022-01-27T17:33:37.114Z", "user": 1, "content_type": 16, "object_id": "5", "object_repr": "Order object (5)", "action_flag": 3, "change_message": ""}}, {"model": "admin.logentry", "pk": 16, "fields": {"action_time": "2022-01-27T17:33:37.119Z", "user": 1, "content_type": 16, "object_id": "4", "object_repr": "Order object (4)", "action_flag": 3, "change_message": ""}}, {"model": "admin.logentry", "pk": 17, "fields": {"action_time": "2022-01-27T17:33:37.123Z", "user": 1, "content_type": 16, "object_id": "3", "object_repr": "Order object (3)", "action_flag": 3, "change_message": ""}}, {"model": "admin.logentry", "pk": 18, "fields": {"action_time": "2022-01-27T17:33:37.129Z", "user": 1, "content_type": 16, "object_id": "2", "object_repr": "Order object (2)", "action_flag": 3, "change_message": ""}}, {"model": "admin.logentry", "pk": 19, "fields": {"action_time": "2022-01-27T17:33:37.133Z", "user": 1, "content_type": 16, "object_id": "1", "object_repr": "Order object (1)", "action_flag": 3, "change_message": ""}}, {"model": "admin.logentry", "pk": 20, "fields": {"action_time": "2022-02-21T12:24:10.359Z", "user": 1, "content_type": 18, "object_id": "1", "object_repr": "Testing Time|admin", "action_flag": 1, "change_message": "[{\"added\": {}}]"}}, {"model": "admin.logentry", "pk": 21, "fields": {"action_time": "2022-02-21T12:24:41.115Z", "user": 1, "content_type": 18, "object_id": "1", "object_repr": "Testing Time|admin", "action_flag": 2, "change_message": "[{\"changed\": {\"fields\": [\"Body\"]}}]"}}, {"model": "admin.logentry", "pk": 22, "fields": {"action_time": "2022-02-21T12:24:59.051Z", "user": 1, "content_type": 18, "object_id": "2", "object_repr": "Test 2.0|admin", "action_flag": 1, "change_message": "[{\"added\": {}}]"}}, {"model": "admin.logentry", "pk": 23, "fields": {"action_time": "2022-02-21T12:25:31.602Z", "user": 1, "content_type": 4, "object_id": "1", "object_repr": "admin", "action_flag": 2, "change_message": "[{\"changed\": {\"fields\": [\"First name\"]}}]"}}, {"model": "admin.logentry", "pk": 24, "fields": {"action_time": "2022-02-21T15:42:05.184Z", "user": 1, "content_type": 18, "object_id": "3", "object_repr": "Third Attempt|admin", "action_flag": 3, "change_message": ""}}, {"model": "admin.logentry", "pk": 25, "fields": {"action_time": "2022-02-25T13:49:55.436Z", "user": 1, "content_type": 19, "object_id": "1", "object_repr": "Laura Williams", "action_flag": 1, "change_message": "[{\"added\": {}}]"}}, {"model": "admin.logentry", "pk": 26, "fields": {"action_time": "2022-02-25T13:50:30.136Z", "user": 1, "content_type": 19, "object_id": "2", "object_repr": "Holly White", "action_flag": 1, "change_message": "[{\"added\": {}}]"}}, {"model": "admin.logentry", "pk": 27, "fields": {"action_time": "2022-02-25T13:51:22.138Z", "user": 1, "content_type": 19, "object_id": "3", "object_repr": "Adam Knight", "action_flag": 1, "change_message": "[{\"added\": {}}]"}}, {"model": "admin.logentry", "pk": 28, "fields": {"action_time": "2022-02-25T13:53:13.064Z", "user": 1, "content_type": 19, "object_id": "4", "object_repr": "Emma Owen", "action_flag": 1, "change_message": "[{\"added\": {}}]"}}, {"model": "admin.logentry", "pk": 29, "fields": {"action_time": "2022-02-25T13:56:29.047Z", "user": 1, "content_type": 19, "object_id": "4", "object_repr": "Emma Owen", "action_flag": 2, "change_message": "[{\"changed\": {\"fields\": [\"Awards\"]}}]"}}, {"model": "admin.logentry", "pk": 30, "fields": {"action_time": "2022-02-25T13:56:38.857Z", "user": 1, "content_type": 19, "object_id": "3", "object_repr": "Adam Knight", "action_flag": 2, "change_message": "[{\"changed\": {\"fields\": [\"Awards\"]}}]"}}, {"model": "admin.logentry", "pk": 31, "fields": {"action_time": "2022-02-25T13:56:52.184Z", "user": 1, "content_type": 19, "object_id": "2", "object_repr": "Holly White", "action_flag": 2, "change_message": "[{\"changed\": {\"fields\": [\"Awards\"]}}]"}}, {"model": "admin.logentry", "pk": 32, "fields": {"action_time": "2022-02-25T13:57:07.336Z", "user": 1, "content_type": 19, "object_id": "1", "object_repr": "Laura Williams", "action_flag": 2, "change_message": "[{\"changed\": {\"fields\": [\"Awards\"]}}]"}}, {"model": "admin.logentry", "pk": 33, "fields": {"action_time": "2022-02-25T14:03:06.153Z", "user": 1, "content_type": 19, "object_id": "4", "object_repr": "Emma Owen", "action_flag": 2, "change_message": "[]"}}, {"model": "admin.logentry", "pk": 34, "fields": {"action_time": "2022-02-26T11:47:00.701Z", "user": 1, "content_type": 18, "object_id": "4", "object_repr": "Third Attempt|admin", "action_flag": 3, "change_message": ""}}, {"model": "admin.logentry", "pk": 35, "fields": {"action_time": "2022-02-26T11:47:00.705Z", "user": 1, "content_type": 18, "object_id": "2", "object_repr": "Test 2.0|admin", "action_flag": 3, "change_message": ""}}, {"model": "admin.logentry", "pk": 36, "fields": {"action_time": "2022-02-26T11:47:00.708Z", "user": 1, "content_type": 18, "object_id": "1", "object_repr": "Testing Time|admin", "action_flag": 3, "change_message": ""}}, {"model": "admin.logentry", "pk": 37, "fields": {"action_time": "2022-02-27T22:35:00.098Z", "user": 1, "content_type": 18, "object_id": "6", "object_repr": "ANother Testing File|admin", "action_flag": 3, "change_message": ""}}, {"model": "admin.logentry", "pk": 38, "fields": {"action_time": "2022-02-27T22:35:04.101Z", "user": 1, "content_type": 18, "object_id": "5", "object_repr": "new post|admin", "action_flag": 3, "change_message": ""}}, {"model": "admin.logentry", "pk": 39, "fields": {"action_time": "2022-02-27T22:35:21.590Z", "user": 1, "content_type": 18, "object_id": "7", "object_repr": "Hello|admin", "action_flag": 1, "change_message": "[{\"added\": {}}]"}}, {"model": "admin.logentry", "pk": 40, "fields": {"action_time": "2022-02-27T22:45:08.325Z", "user": 1, "content_type": 18, "object_id": "8", "object_repr": "Welcome to the New Website for Teifi Taekwondo.|admin", "action_flag": 1, "change_message": "[{\"added\": {}}]"}}, {"model": "admin.logentry", "pk": 41, "fields": {"action_time": "2022-02-27T22:53:26.397Z", "user": 1, "content_type": 18, "object_id": "8", "object_repr": "Welcome to the New Website for Teifi Taekwondo.|admin", "action_flag": 2, "change_message": "[]"}}, {"model": "admin.logentry", "pk": 42, "fields": {"action_time": "2022-02-27T22:57:48.499Z", "user": 1, "content_type": 18, "object_id": "8", "object_repr": "Welcome to the New Website for Teifi Taekwondo.|admin", "action_flag": 2, "change_message": "[]"}}, {"model": "admin.logentry", "pk": 43, "fields": {"action_time": "2022-03-02T08:48:14.006Z", "user": 1, "content_type": 4, "object_id": "3", "object_repr": "coach", "action_flag": 1, "change_message": "[{\"added\": {}}]"}}, {"model": "admin.logentry", "pk": 44, "fields": {"action_time": "2022-03-02T08:48:43.798Z", "user": 1, "content_type": 4, "object_id": "3", "object_repr": "coach", "action_flag": 2, "change_message": "[{\"changed\": {\"fields\": [\"First name\", \"Staff status\", \"Superuser status\"]}}]"}}, {"model": "admin.logentry", "pk": 45, "fields": {"action_time": "2022-03-02T08:49:18.279Z", "user": 1, "content_type": 4, "object_id": "3", "object_repr": "coach", "action_flag": 2, "change_message": "[{\"changed\": {\"fields\": [\"Email address\"]}}]"}}, {"model": "admin.logentry", "pk": 46, "fields": {"action_time": "2022-03-02T08:54:13.840Z", "user": 1, "content_type": 18, "object_id": "12", "object_repr": "Upcoming Grading|coach", "action_flag": 1, "change_message": "[{\"added\": {}}]"}}, {"model": "admin.logentry", "pk": 47, "fields": {"action_time": "2022-03-02T09:08:51.561Z", "user": 1, "content_type": 18, "object_id": "13", "object_repr": "Two Weeks Till Gradings|coach", "action_flag": 1, "change_message": "[{\"added\": {}}]"}}, {"model": "admin.logentry", "pk": 48, "fields": {"action_time": "2022-03-02T09:12:33.905Z", "user": 1, "content_type": 18, "object_id": "14", "object_repr": "Tigers Grading|admin", "action_flag": 1, "change_message": "[{\"added\": {}}]"}}, {"model": "admin.logentry", "pk": 49, "fields": {"action_time": "2022-03-02T09:24:24.748Z", "user": 1, "content_type": 18, "object_id": "15", "object_repr": "Christmas Party and Awards Event|admin", "action_flag": 1, "change_message": "[{\"added\": {}}]"}}, {"model": "admin.logentry", "pk": 50, "fields": {"action_time": "2022-03-02T09:27:39.078Z", "user": 1, "content_type": 18, "object_id": "16", "object_repr": "Grading Weekend!|Testy", "action_flag": 1, "change_message": "[{\"added\": {}}]"}}, {"model": "admin.logentry", "pk": 51, "fields": {"action_time": "2022-03-02T09:27:51.374Z", "user": 1, "content_type": 18, "object_id": "16", "object_repr": "Grading Weekend!|admin", "action_flag": 2, "change_message": "[{\"changed\": {\"fields\": [\"Author\"]}}]"}}, {"model": "admin.logentry", "pk": 52, "fields": {"action_time": "2022-03-02T09:34:14.958Z", "user": 1, "content_type": 18, "object_id": "17", "object_repr": "WELL DONE EVERYONE|admin", "action_flag": 1, "change_message": "[{\"added\": {}}]"}}, {"model": "admin.logentry", "pk": 53, "fields": {"action_time": "2022-03-02T09:56:40.551Z", "user": 1, "content_type": 18, "object_id": "18", "object_repr": "In House Competition?|admin", "action_flag": 1, "change_message": "[{\"added\": {}}]"}}, {"model": "admin.logentry", "pk": 54, "fields": {"action_time": "2022-03-02T10:04:30.413Z", "user": 1, "content_type": 18, "object_id": "19", "object_repr": "Nadolig Llawen|admin", "action_flag": 1, "change_message": "[{\"added\": {}}]"}}, {"model": "admin.logentry", "pk": 55, "fields": {"action_time": "2022-03-02T10:12:59.234Z", "user": 1, "content_type": 18, "object_id": "20", "object_repr": "Competition Update|coach", "action_flag": 1, "change_message": "[{\"added\": {}}]"}}, {"model": "admin.logentry", "pk": 56, "fields": {"action_time": "2022-03-02T10:48:40.653Z", "user": 1, "content_type": 19, "object_id": "2", "object_repr": "Holly White", "action_flag": 2, "change_message": "[{\"changed\": {\"fields\": [\"Rank\"]}}]"}}, {"model": "admin.logentry", "pk": 57, "fields": {"action_time": "2022-03-02T10:51:18.137Z", "user": 1, "content_type": 19, "object_id": "1", "object_repr": "Laura Williams", "action_flag": 2, "change_message": "[{\"changed\": {\"fields\": [\"Classes\"]}}]"}}, {"model": "admin.logentry", "pk": 58, "fields": {"action_time": "2022-03-02T10:51:27.492Z", "user": 1, "content_type": 19, "object_id": "2", "object_repr": "Holly White", "action_flag": 2, "change_message": "[{\"changed\": {\"fields\": [\"Classes\"]}}]"}}, {"model": "admin.logentry", "pk": 59, "fields": {"action_time": "2022-03-02T10:51:39.255Z", "user": 1, "content_type": 19, "object_id": "3", "object_repr": "Adam Knight", "action_flag": 2, "change_message": "[{\"changed\": {\"fields\": [\"Classes\"]}}]"}}, {"model": "admin.logentry", "pk": 60, "fields": {"action_time": "2022-03-02T10:52:05.459Z", "user": 1, "content_type": 19, "object_id": "4", "object_repr": "Emma Owen", "action_flag": 2, "change_message": "[{\"changed\": {\"fields\": [\"Classes\"]}}]"}}, {"model": "admin.logentry", "pk": 61, "fields": {"action_time": "2022-03-02T10:55:05.824Z", "user": 1, "content_type": 19, "object_id": "1", "object_repr": "Laura Williams", "action_flag": 2, "change_message": "[{\"changed\": {\"fields\": [\"Image\"]}}]"}}, {"model": "admin.logentry", "pk": 62, "fields": {"action_time": "2022-03-02T10:55:15.452Z", "user": 1, "content_type": 19, "object_id": "2", "object_repr": "Holly White", "action_flag": 2, "change_message": "[{\"changed\": {\"fields\": [\"Image\"]}}]"}}, {"model": "admin.logentry", "pk": 63, "fields": {"action_time": "2022-03-02T10:55:24.604Z", "user": 1, "content_type": 19, "object_id": "3", "object_repr": "Adam Knight", "action_flag": 2, "change_message": "[{\"changed\": {\"fields\": [\"Image\"]}}]"}}, {"model": "admin.logentry", "pk": 64, "fields": {"action_time": "2022-03-02T10:55:34.203Z", "user": 1, "content_type": 19, "object_id": "4", "object_repr": "Emma Owen", "action_flag": 2, "change_message": "[{\"changed\": {\"fields\": [\"Image\"]}}]"}}, {"model": "admin.logentry", "pk": 65, "fields": {"action_time": "2022-03-02T11:01:30.828Z", "user": 1, "content_type": 19, "object_id": "1", "object_repr": "Laura Williams", "action_flag": 2, "change_message": "[]"}}, {"model": "admin.logentry", "pk": 66, "fields": {"action_time": "2022-03-02T11:26:48.270Z", "user": 1, "content_type": 18, "object_id": "20", "object_repr": "Competition Update|coach", "action_flag": 2, "change_message": "[]"}}, {"model": "auth.user", "pk": 1, "fields": {"password": "pbkdf2_sha256$260000$h1g0hZyg1vJwlbaBztMsAE$sA6NOtYLBkyN3NmHU1z+uGR/SItS5IV3/F0kEO9qZlM=", "last_login": "2022-02-26T10:18:39.116Z", "is_superuser": true, "username": "admin", "first_name": "Laura", "last_name": "", "email": "admin@teifitkd.com", "is_staff": true, "is_active": true, "date_joined": "2021-12-09T12:16:08Z", "groups": [], "user_permissions": []}}, {"model": "auth.user", "pk": 2, "fields": {"password": "pbkdf2_sha256$260000$1hhTdksjPYVvOscyMnVkEn$usWLzBV1KmeQJ+wrqOpTFud5+Ijy3+OYXchi9KtyA9M=", "last_login": "2022-01-25T14:31:59.802Z", "is_superuser": false, "username": "Testy", "first_name": "", "last_name": "", "email": "test@test.co.uk", "is_staff": false, "is_active": true, "date_joined": "2022-01-25T14:28:56.953Z", "groups": [], "user_permissions": []}}, {"model": "auth.user", "pk": 3, "fields": {"password": "pbkdf2_sha256$260000$qsPtIbw5uhKVoKtyoxfHV0$j/8X+LNfUxkSRj49/qrphUN7Hg5AMiC/SUq7g7iW6K8=", "last_login": null, "is_superuser": true, "username": "coach", "first_name": "Holly", "last_name": "", "email": "coach@teifitkd.com", "is_staff": true, "is_active": true, "date_joined": "2022-03-02T08:48:13Z", "groups": [], "user_permissions": []}}, {"model": "sessions.session", "pk": "1frq8jbpkczispvlqd193hplzfxo3df7", "fields": {"session_data": ".eJxVjLEOgzAQQ__lZoQSCEdg7N5viO6StKQUkEgYWsS_t5FYWCzLz_YOTHH0CfodpMwakp-i4Y-J4etzMEEvj6OASmVTgKEtDWaLfjXBQQ8SLhmTHf2cgXvR_FxKu8xpDVzmSnnSWN4X59-3s3s5GCgO_7VWqmOHbc2M2PhGiKqlWmvSouaHa623ygoWihCxw05r1JXNQkpKFHD8AI3lRf8:1nBxAn:AkKBO-Flxk5CRMTHFAZTFkRjQhKA2H7OdZ-c-rCRGAU", "expire_date": "2022-02-07T11:06:09.033Z"}}, {"model": "sessions.session", "pk": "2ndl0hqvkewjc8bd5yyjb32tvp13l9d9", "fields": {"session_data": "eyJiYXNrZXQiOnsiMiI6eyJpdGVtc19ieV9zaXplIjp7Im0iOjM3fX19fQ:1nAYJv:3SATY5GizALjyY3boeG7ETBhDFI7PU2N_9EQ8KBNt08", "expire_date": "2022-02-03T14:21:47.510Z"}}, {"model": "sessions.session", "pk": "3c69z38ifscpqu0ej4p8gqtwtjcl4mzs", "fields": {"session_data": ".eJxVjE0OgyAQhe8ya0NAcECW3XsGMwO0WhtNRFfGu1dbF-3me8n726CldenaNae57SN4UFD8ekxhSOMZxCeNj0mEaVzmnsVZEVeaRTPF9Lpd3b-DjnJ3rJ0xNUe0mhmxSpWUpSXtHDmp-R5tSMEEydIQItZYO4euDCfIKIXyOGXKQ1rAb1CB1wUoC14VUOqvfGgO7vsb1_ZAYw:1n9vhf:GamteZ5xtG27vjpqwziNceJciGgWUNeSYUducehQ_So", "expire_date": "2022-02-01T21:07:43.499Z"}}, {"model": "sessions.session", "pk": "8oxn0mu49rhhx87tvq7fxr3g1n349t73", "fields": {"session_data": ".eJxVjMsOwiAQRf-FtSHQUh5duvcbyMAMFjVgSptojP-uTbrQ7T3nnhfzsC6TXxvNPiMbmWSH3y1AvFLZAF6gnCuPtSxzDnxT-E4bP1Wk23F3_wITtOn7HjqlVCBD2GHvBk3RaWFVL8BBb4QASkiUbEIdEkWJmLQFEaV2FAzZLdqotVyLp8c9z082ivcHsf1AQA:1nNbBa:5q8dtifpF2la5sLOBCQdbrG-lqgXEIgDMmxUqDODoO0", "expire_date": "2022-03-11T14:03:06.284Z"}}, {"model": "sessions.session", "pk": "d6v8y8j1gjzx7p16k8k3x572tznwjsw6", "fields": {"session_data": ".eJyrVkpKLM5OLVGyqlYytFSyMtJRMgKxM0tSc4vjkyrjizOrUkECuUpWhrW1OkqGhnika2sB9aIZ6w:1nB0wD:DTJFSIj30v44LfkHYKzTtt-2vP7fytSbBSv0K2558Z0", "expire_date": "2022-02-04T20:55:13.559Z"}}, {"model": "sessions.session", "pk": "du18eupeg8xfryh42ai3p4zywfbo9cdz", "fields": {"session_data": ".eJyrVkpKLM5OLVGyqlYyBxGZJam5xfFJlfHFmVWpIIFcJSuj2lodJWNcsqa1QAAAc_EYgA:1nAtpr:tO12s04xd-a-KZaz6pc0gho2Kbd6nkDyBSErh46XC-w", "expire_date": "2022-02-04T13:20:11.960Z"}}, {"model": "sessions.session", "pk": "f9j8diytbl3fhxqlj3fam7e0fw4uktrc", "fields": {"session_data": ".eJxVjMsOwiAQRf-FtSHQUh5duvcbyMAMFjVgSptojP-uTbrQ7T3nnhfzsC6TXxvNPiMbmWSH3y1AvFLZAF6gnCuPtSxzDnxT-E4bP1Wk23F3_wITtOn7HjqlVCBD2GHvBk3RaWFVL8BBb4QASkiUbEIdEkWJmLQFEaV2FAzZLdqotVyLp8c9z082ivcHsf1AQA:1nMTuY:X5Zo68c86UWUmni_nrgoQpF9HjCoDnafdOYGHAshXPc", "expire_date": "2022-03-08T12:04:54.321Z"}}, {"model": "sessions.session", "pk": "ki9y7029q6d7g60rrj3f80iibm329gdo", "fields": {"session_data": ".eJxVjMkOwjAQQ_9lzqhKaUmXI3e-IZpkHBqWFnWKxCL-HSJxAB988LP9JMfXZXBXxeySUE8lrX4zz-GIMQM58LifijCNy5x8kSvFl2qxmwSn7bf7dzCwDp_1Zl3XtUcDWUvVbSxCZ01bV4Y7rhpjGFGA2EaxPiKUItG2bEJpO_gGbT5VqKZpdLhd0nyn3qzIsx6xUP-kKltacFbn707TAzk4U1--PnoDDyVODQ:1nE92r:TX3Fki6d7o1PdKuEW5xK-h7sBd2hltzqK-qvFRYaff8", "expire_date": "2022-02-13T12:11:01.104Z"}}, {"model": "sessions.session", "pk": "l7zw27ofrby3wkz72brurexknfm1uvgx", "fields": {"session_data": ".eJyrVkpKLM5OLVGyqlYyAhGZJam5xfFJlfHFmVWpIIFcJSvD2lodJUNcskZgWWzSQH21AC7WIJ4:1n9xuH:aCr7RePlH8UkrYfrX3gjtKmLnJwRZxor3vwf1C0P950", "expire_date": "2022-02-01T23:28:53.993Z"}}, {"model": "sessions.session", "pk": "lnmm8a6qhzp7ehe7clz8ib0c87dq0c8s", "fields": {"session_data": ".eJxVjMsOwiAQRf-FtSHQUh5duvcbyMAMFjVgSptojP-uTbrQ7T3nnhfzsC6TXxvNPiMbmWSH3y1AvFLZAF6gnCuPtSxzDnxT-E4bP1Wk23F3_wITtOn7HjqlVCBD2GHvBk3RaWFVL8BBb4QASkiUbEIdEkWJmLQFEaV2FAzZLdqotVyLp8c9z082ivcHsf1AQA:1nPN84:jkN_TXg6a7tmY3h8WLSd_F4PHQ8bxqRSyCt7DCZJF3A", "expire_date": "2022-03-16T11:26:48.363Z"}}, {"model": "sessions.session", "pk": "qjuwi42k8ti9leytqaszwi0vt429pgb5", "fields": {"session_data": ".eJxVjMEOwiAQRP-FsyHblm63Hr37DWQX0KIGTGkTjfHflaQHvcxh5s17KcvrMtm1hNlGr_aqUbvfTthdQ6qDv3A6Z-1yWuYouiJ6W4s-Zh9uh439E0xcpu-bjBnF49CJIPahB2gH7oiYoJOTH1xwxoGAYUQccSRCal0NNk2DUKUllBJzsuFxj_NT7eH9AVtgPf8:1mvKPn:visgYu50sfxbej0MJomqZXf5HV9cFhjnyRh_BWJ3rgY", "expire_date": "2021-12-23T14:28:55.757Z"}}, {"model": "sessions.session", "pk": "ui2u9bltueb6mcozsmf1cuzbyzploo24", "fields": {"session_data": ".eJyrVkpKLM5OLVGyqlYyNASRmSWpucXxSZXxxZlVqSCBXCUrIx2lHCUrQx2limIlK5PaWh0lQyOsakHSYLVGIEXY1QDNMwTLGoGNxG1pLRAAAKyVMi8:1nAWtp:lShNdKMTKN432akZFleo_2RdAotVkrDl91Jw3S_NbVM", "expire_date": "2022-02-03T12:50:45.266Z"}}, {"model": "sessions.session", "pk": "ui9775o0g7x91romll6ikspt0yjix95n", "fields": {"session_data": ".eJxVjEEOwiAURO_CuiG0pb-0S_eegXzg16IGDFCjMd5dSbrQzSxm3rwX07iVVW-ZkvaOzaxlzW9n0F4o1MGdMZwitzGU5A2vCN_XzI_R0fWws3-CFfP6fSspJ-Ng7I0BGGgQohuxVwqV6M3iRktWWmGERACYYFIKVGdroGxbEFWaKWcfg6bHzacnm0XDMt5J-7BENpe00fsDq9xEIw:1nD8eP:MhZw3CZtcf-H21iAu95femdAJcDbftz5Uom5vzgNIf4", "expire_date": "2022-02-10T17:33:37.220Z"}}, {"model": "sessions.session", "pk": "usrb5cqj2qmneexxfsuglgaew93pholc", "fields": {"session_data": "eyJiYXNrZXQiOnsiMTkiOjF9fQ:1nB0xJ:d2Ava1TqQ-wsYm1ziXpBbwm3ld-0Rc-VcNm3kfNF4r4", "expire_date": "2022-02-04T20:56:21.479Z"}}, {"model": "sessions.session", "pk": "uxjesrtwrfdcx6v64bv73u3ruq7jn8p8", "fields": {"session_data": ".eJxVjcEOgjAMQP9lZ0MqbNBx0x9ZSlfCIhmGjURj_HeH4aDHvte-vpSjLU9uS7K64FWvanX6ZQPxTeIuaJ53XBHzssVcfXcOnapLmSTmwJTDEq_H1V9qojSVjnjUCM2IHqwAQ4utdKhF67ozQGMB1PjmLEOxGm3LYnCADoypmazdo0lSKm-cPO5hfaoe3h-f3kME:1nCMrX:WxRiDhoMh3AFsLlkKscLzr5efd9K6llDcu2udlMu4ZQ", "expire_date": "2022-02-08T14:31:59.857Z"}}, {"model": "sessions.session", "pk": "yrg2tb7coimm954bht783xsi9ft1tf3r", "fields": {"session_data": "eyJiYXNrZXQiOnsiMTkiOjMsIjIiOnsiaXRlbXNfYnlfc2l6ZSI6eyJtIjoxfX0sIjE4IjoyfX0:1nB0nZ:A8EIu0O8EcHZ_cb00489qSNs_WowZI2IsTvKkILUqUs", "expire_date": "2022-02-04T20:46:17.760Z"}}, {"model": "sites.site", "pk": 1, "fields": {"domain": "teifi-tkd.com", "name": "Teifi Taekwondo"}}, {"model": "account.emailaddress", "pk": 1, "fields": {"user": 1, "email": "admin@teifitkd.com", "verified": true, "primary": true}}, {"model": "account.emailaddress", "pk": 2, "fields": {"user": 2, "email": "test@test.co.uk", "verified": true, "primary": true}}, {"model": "home.coach", "pk": 1, "fields": {"name": "Laura Williams", "position": "Head Instructor", "rank": "4th Degree Black Belt in Taekwondo", "awards": "1st Degree Black Belt Kickboxing", "bio": "Founder of Teifi TKD Laura undertook TKD at the age of 8 to help deal with bullies. Her passion continued through University obtaining her degree and 2nd dan in the same month. Reconnecting with her friend and sparring partner, Coach Holly, saw the formation of Teifi Takewondo", "classes": "Tigers, Juniors, Seniors, Ladies", "image_url": "", "image": "laura.png"}}, {"model": "home.coach", "pk": 2, "fields": {"name": "Holly White", "position": "Senior Intructor", "rank": "3rd Degree Black Belt Taekwondo", "awards": "2nd Degree Black Belt Kickboxing", "bio": "Holly started Taekwondo with school friend Coach Laura however due to her University degree temporarily stopped and began her journey in kickboxing. Returning home she reconnected with Laura to complete her first dan in takewondo whilst also introducing Laura to kickboxing fighting her way to her black belt.", "classes": "Juniors, Seniors, Ladies", "image_url": "", "image": "holly.png"}}, {"model": "home.coach", "pk": 3, "fields": {"name": "Adam Knight", "position": "Instructor", "rank": "2nd Degree Black Belt in Taekwondo", "awards": "1st Degree Black Belt Judo", "bio": "Adam joined Teifi Taekwondo after relocating due to a change of career bringing with him knowledge and experience in Judo. Adam's dedication to learning saw him quickly rise through the ranks and his Judo expertise assisting the club in our self-defence drills across the classes.", "classes": "Seniors", "image_url": "", "image": "adam.png"}}, {"model": "home.coach", "pk": 4, "fields": {"name": "Emma Owen", "position": "Instructor", "rank": "2nd Degree Black Belt in Taekwondo", "awards": "Training for 1st Degree Black Belt Kickboxing", "bio": "Emma is our first Junior to become an instructor moving up the ranks from Student to Teacher. Which is good for a primary school teacher, those PE Lessons must be fun. Emma take our Tigers and Juniors before training herself with both the seniors and ladies classes, and has even joined Holly and Laura in Kickboxing too.", "classes": "Tigers, Juniors", "image_url": "", "image": "emma.png"}}, {"model": "products.category", "pk": 1, "fields": {"name": "uniform", "friendly_name": "Uniform"}}, {"model": "products.category", "pk": 2, "fields": {"name": "clothing", "friendly_name": "Clothing"}}, {"model": "products.category", "pk": 3, "fields": {"name": "sparring_equipment", "friendly_name": "Sparring Equipment"}}, {"model": "products.category", "pk": 4, "fields": {"name": "fees", "friendly_name": "Fees"}}, {"model": "products.product", "pk": 1, "fields": {"category": 1, "sku": "tt0000000001", "name": "Children's Dobok", "description": "65% Poly 35% Cotton. ITF style with quality velcro closure and the back is fully embroidered with international Taekwondo in english and Korean. Trousers have elastic/cord waist and both legs have embroidered ITF", "has_sizes": true, "has_colours": false, "price": "25.99", "image_url": "", "image": "kidsdobok.png"}}, {"model": "products.product", "pk": 2, "fields": {"category": 1, "sku": "tt0000000002", "name": "Adult's Dobok", "description": "65% Poly 35% Cotton. ITF style with quality velcro closure and the back is fully embroidered with international Taekwondo in english and Korean. Trousers have elastic/cord waist and both legs have embroidered ITF.", "has_sizes": true, "has_colours": false, "price": "31.99", "image_url": "", "image": "adultdobok.png"}}, {"model": "products.product", "pk": 3, "fields": {"category": 1, "sku": "tt0000000003", "name": "Black Belt Dobok", "description": "65% Poly 35% Cotton. Black belt trim along the bottom of jacket.ITF style with quality velcro closure and the back is fully embroidered with international Taekwondo in english and Korean. Trousers have elastic/cord waist and both legs have embroidered ITF - Wear it with pride after earning your black belt.”", "has_sizes": true, "has_colours": false, "price": "34.99", "image_url": "", "image": "blackdobok.png"}}, {"model": "products.product", "pk": 4, "fields": {"category": 2, "sku": "tt0000000004", "name": "Children's Tefi TKD T-Shirt", "description": "A perfect way to show your love for Teifi taekwondo, this shirt is made of cotton and polyester. It is lightweight and breathable, perfect for wearing in the training heat. It has a standard fit and is designed with a crew neck, and includes our custom logo.", "has_sizes": true, "has_colours": false, "price": "10.00", "image_url": "", "image": "kidshirt.png"}}, {"model": "products.product", "pk": 5, "fields": {"category": 2, "sku": "tt0000000005", "name": "Adult's Tefi TKD T-Shirt", "description": "A perfect way to show your love for Teifi taekwondo, this shirt is made of cotton and polyester. It is lightweight and breathable, perfect for wearing in the training heat. It has a standard fit and is designed with a crew neck, and includes our custom logo.", "has_sizes": true, "has_colours": false, "price": "15.00", "image_url": "", "image": "adultshirt.png"}}, {"model": "products.product", "pk": 6, "fields": {"category": 2, "sku": "tt0000000006", "name": "Ladies' Tefi TKD T-Shirt", "description": "A perfect way to show your love for Teifi taekwondo, this shirt is made of cotton and polyester. It is lightweight and breathable, perfect for wearing in the training heat. It has a standard fit and is designed with a crew neck, and includes our custom logo just for ladies.", "has_sizes": true, "has_colours": false, "price": "15.00", "image_url": "", "image": "ladiesshirt.png"}}, {"model": "products.product", "pk": 7, "fields": {"category": 2, "sku": "tt0000000007", "name": "Children's Teifi TKD Hoody", "description": "Wear to class over your Dobok or show off your club outside of the Dojang with our Teifi Taekwondo Hoody. The hoody is a regular fit top designed to keep you warm and cosy. The pull over top includes our custom logo, a thick draw-cord, adjustable, hood for extra protection and features a kangaroo-style pocket pouch at the front This incredibly soft hooded top is made from a cotton/polyester LFS fleece and includes long sleeves with ribbed, draught-excluding, cuffs and hem.", "has_sizes": true, "has_colours": false, "price": "25.00", "image_url": "", "image": "comingsoon.png"}}, {"model": "products.product", "pk": 8, "fields": {"category": 2, "sku": "tt0000000008", "name": "Adult's Teifi TKD Hoody", "description": "Wear to class over your Dobok or show off your club outside of the Dojang with our Teifi Taekwondo Hoody. The hoody is a regular fit top designed to keep you warm and cosy. The pull over top includes our custom logo, a thick draw-cord, adjustable, hood for extra protection and features a kangaroo-style pocket pouch at the front This incredibly soft hooded top is made from a cotton/polyester LFS fleece and includes long sleeves with ribbed, draught-excluding, cuffs and hem.", "has_sizes": true, "has_colours": false, "price": "30.00", "image_url": "", "image": "comingsoon.png"}}, {"model": "products.product", "pk": 9, "fields": {"category": 2, "sku": "tt0000000009", "name": "Ladies' Teifi TKD Hoody", "description": "Wear to class over your Dobok or show off your club outside of the Dojang with our Teifi Taekwondo Hoody. The hoody is a regular fit top designed to keep you warm and cosy. The pull over top includes our custom ladies logo, a thick draw-cord, adjustable, hood for extra protection and features a kangaroo-style pocket pouch at the front This incredibly soft hooded top is made from a cotton/polyester LFS fleece and includes long sleeves with ribbed, draught-excluding, cuffs and hem.", "has_sizes": true, "has_colours": false, "price": "30.00", "image_url": "", "image": "comingsoon2.png"}}, {"model": "products.product", "pk": 10, "fields": {"category": 3, "sku": "tt0000000010", "name": "Blitz Dipped Foam Gloves", "description": "Moulded to fit securely to the knuckles with an elastic Velcro wrap strap around the wrist. Lightweight and compact, the special dipped foam material absorbs blows, knocks and impact. Ideal for young students. Made from soft EVA foam, dipped in a PVC resin, and vacuum moulded to finish. Easy to wipe clean before and after use.", "has_sizes": true, "has_colours": true, "price": "35.99", "image_url": "", "image": "dippedgloves.png"}}, {"model": "products.product", "pk": 11, "fields": {"category": 3, "sku": "tt0000000011", "name": "Blitz Semi Contact Open Palm Gloves", "description": "Made from Nama Hide™ Leather, this semi contact open palm glove is specifically designed for semi contact, full contact or bag work. Used in clubs across the UK, this glove includes an adjustable, elasticated, Velcro strap for perfect fit and comfort. Easy to wipe clean before and after use", "has_sizes": true, "has_colours": true, "price": "34.99", "image_url": "", "image": "semigloves.png"}}, {"model": "products.product", "pk": 12, "fields": {"category": 3, "sku": "tt0000000012", "name": "Blitz Dipped Foam Foot Guards", "description": "The shock absorbing foam foot guards offer great protection during kicking techniques. Made from a soft EVA foam dipped in PVC resin, and vacuum moulded to finish, the foot guards are contoured to cover the majority of the foot, with cut-outs around the achilles and instep for ease of movement. The tongue and heel of the guards feature ventilation holes for air flow and to prevent moisture build-up, keeping the wearer cool. The elasticated Velcro wrap-around strap provides a secure and comfortable fit. The bottom of the foot guard also includes two reinforced elasticated straps to hold the foot in place and, open areas at the heel, ball of the foot and toes for a solid grip on flooring. Easy to wipe clean before and after use.", "has_sizes": true, "has_colours": true, "price": "35.99", "image_url": "", "image": "dippedfoot.png"}}, {"model": "products.product", "pk": 13, "fields": {"category": 3, "sku": "tt0000000013", "name": "Blitz Semi Contact Foot Protectors", "description": "Made from tough, anti-slip Nama Hide™ Leather, this semi contact foot protector is specifically designed for Teifi Taekwondo’s teachings. A wrap-around Velcro strap at the back and elastic strap underneath improves comfort and fit to enhance performance. Easy to wipe clean before and after use.", "has_sizes": true, "has_colours": true, "price": "33.99", "image_url": "", "image": "semifoot.png"}}, {"model": "products.product", "pk": 14, "fields": {"category": 3, "sku": "tt0000000014", "name": "Blitz Dipped Foam Shin Guards", "description": "The shock absorbing foam shin guards offer the ultimate protection when sparring. Made from a soft EVA foam dipped in PVC resin, and vacuum moulded to finish, the guards are contoured to cover the majority of the shin. The front of the shin features ventilation holes for air flow and to prevent moisture build-up, keeping the wearer cool. Securely fastens with two elasticated wrap-around Velcro fastenings for a comfortable fit. Easy to wipe clean before and after use.", "has_sizes": true, "has_colours": true, "price": "33.99", "image_url": "", "image": "dippedshin.png"}}, {"model": "products.product", "pk": 15, "fields": {"category": 3, "sku": "tt0000000015", "name": "Blitz Fusion Shin Guards", "description": "Blitz Fusion Shin Guards provide the ultimate shock absorption against the hardest impact and a rapid recovery after use. The high density foam, with additional padding on the shin, features a non-abrasive inner lining that mould perfectly to your shin for extreme comfort. The two adjustable Velcro straps to the back of the shin guards allow for a secure and precise fit, keeping them firmly in place without any movement. Nama Hide™ Leather, that's easy to wipe clean before and after use.", "has_sizes": true, "has_colours": true, "price": "31.99", "image_url": "", "image": "semishin.png"}}, {"model": "products.product", "pk": 16, "fields": {"category": 3, "sku": "tt0000000016", "name": "Blitz Dipped Head Guard", "description": "The shock absorbing foam head guard is designed to absorb high impact blows to the forehead, ears and rear of the head when sparring. The head guard is specifically shaped to reduce uncomfortable neck pressure at the back and includes ear guards for the ultimate protection. Made from a soft EVA foam dipped in PVC resin, and vacuum moulded to finish, the head guard also features ventilation holes for air flow and to prevent moisture build-up, keeping the wearer cool. Securely fastens with an elastic Velcro strap under the chin for a comfortable and easy adjustable fit. Easy to wipe clean before and after use.", "has_sizes": true, "has_colours": true, "price": "38.99", "image_url": "", "image": "dippedhead.png"}}, {"model": "products.product", "pk": 17, "fields": {"category": 3, "sku": "tt0000000017", "name": "Blitz Club Semi Contact Head Guard", "description": "Constructed from Nama Hide™ Leather, this semi contact head guard includes a Velcro cross design fastening on top of the head and a Velcro strap under the chin for a compact, comfortable and precise fit. Ear sections are bound, safeguarding your ears. A breathable, moisture absorbing, anti-microbial lining is also included to retain freshness. Easy to wipe clean before and after use. Latex free.", "has_sizes": true, "has_colours": true, "price": "28.99", "image_url": "", "image": "semihead.png"}}, {"model": "products.product", "pk": 18, "fields": {"category": 4, "sku": "tt0000000018", "name": "Teifi Taekwondo Annual Membership", "description": "Annual Membership to Teifi Teakwondo which to cover insurance for students.", "has_sizes": false, "has_colours": false, "price": "30.00", "image_url": "", "image": "membership.png"}}, {"model": "products.product", "pk": 19, "fields": {"category": 4, "sku": "tt0000000019", "name": "Session Fees - 1 Class a Week", "description": "Train once a week in any of our age appropriate classes - £5.00 a class. Paid Monthly", "has_sizes": false, "has_colours": false, "price": "20.00", "image_url": "", "image": "sessionpass1.png"}}, {"model": "products.product", "pk": 20, "fields": {"category": 4, "sku": "tt0000000020", "name": "Session Fees - 2 Classes a Week", "description": "Train twice a week in any of our age appropriate classes - £4.50 a class. Paid Monthly", "has_sizes": false, "has_colours": false, "price": "36.00", "image_url": "", "image": "sessionpass2.png"}}, {"model": "products.product", "pk": 21, "fields": {"category": 4, "sku": "tt0000000021", "name": "Family Fight Pass- 1 Class a Week", "description": "For Three students from the same family household. Students train once a week in any of our age appropriate classes  Students do not need to attend the same sessions (Example 1 in Tigers, 1 in Juniors, 1 in Adult/Ladies) -  £4.50 a class. Paid Monthly", "has_sizes": false, "has_colours": false, "price": "54.00", "image_url": "", "image": "familypass1.png"}}, {"model": "products.product", "pk": 22, "fields": {"category": 4, "sku": "tt0000000022", "name": "Family Fight Pass- 2 Classes a Week", "description": "For Three students from the same family household. Students train twice a week in any of our age appropriate classes  Students do not need to attend the same sessions (Example 1 in Tigers, 1 in Juniors, 1 in Adult/Ladies) -  £4.50 a class. Paid Monthly", "has_sizes": false, "has_colours": false, "price": "96.00", "image_url": "", "image": "familypass2.png"}}, {"model": "products.product", "pk": 23, "fields": {"category": 4, "sku": "tt0000000023", "name": "Ladies Training Package", "description": "With up to 4 adults classes a week (both Seniors and Ladies Only) this offer allows you to train up to 3 times in any combination over a week. We’d love to offer you four times in a week but even we suggest some time away from the Dojang - £4.00 a class. Paid Monthly", "has_sizes": false, "has_colours": false, "price": "48.00", "image_url": "", "image": "ladiestraining.png"}}, {"model": "products.product", "pk": 24, "fields": {"category": 4, "sku": "tt0000000024", "name": "GUP Grading Fees", "description": "Fees required to undertake testing for your next belt There are 4 coloured belt gradings a year. Every March, June, September and December. Only purchase this in agreement with your instructor.", "has_sizes": false, "has_colours": false, "price": "20.00", "image_url": "", "image": "gupgrading.png"}}, {"model": "products.product", "pk": 25, "fields": {"category": 4, "sku": "tt0000000025", "name": "DAN Grading Fees", "description": "Fees required to undertake testing for your DAN Grade. Only purchase this in agreement with your instructor.", "has_sizes": false, "has_colours": false, "price": "30.00", "image_url": "", "image": "dangrading.png"}}, {"model": "profiles.userprofile", "pk": 1, "fields": {"user": 1, "default_phone_number": "07960547046", "default_town_or_city": "CARDIGAN", "default_street_address1": "7 Bryngerran High Street", "default_street_address2": "Cilgerran", "default_county": null, "default_postcode": null, "default_country": "GB"}}, {"model": "profiles.userprofile", "pk": 2, "fields": {"user": 2, "default_phone_number": null, "default_town_or_city": null, "default_street_address1": null, "default_street_address2": null, "default_county": null, "default_postcode": null, "default_country": null}}, {"model": "profiles.userprofile", "pk": 3, "fields": {"user": 3, "default_phone_number": null, "default_town_or_city": null, "default_street_address1": null, "default_street_address2": null, "default_county": null, "default_postcode": null, "default_country": null}}, {"model": "blog.post", "pk": 8, "fields": {"title": "Welcome to the New Website for Teifi Taekwondo.", "body": "<p><strong>Welcome to Teifi Taekwondo.co.uk</strong></p>\r\n<p>Since the return to in person training post Pandemic. We’ve spent the last few years of blending digital training during lockdowns, to socially distanced sessions outdoors and a brief return to in house sessions as lockdowns ended as guidance changed.The website contains all our class information alongside our Shop and Blog.</p>\r\n<p>Firstly the shop. To help us keep everything running smoothly everyone will be asked to purchase sessions for the month from our Shiny New Digital Shop - this will cut down on the money being handled in class (and should effectively save time between sessions resulting in more time training.)</p>\r\n</p>Other products are also available and will be collected prior your next training session at the hall. this is also the opportunity you will have to pick your colours for Kit purchased through us. (Remember You don’t have to buy your Sparring kit through us.)</p>\r\n<p>Secondly The Blog. We know keeping up to date with the information given in sessions is hard (particularly as parents of children who don’t exactly remember everything our instructors say.) We will therefore make announcements concerning the club in the blog and they will be there for all to see.</p>\r\n<p>Have fun! You Got this!</p> Laura, Holly, Adam and Emma.", "author": 1}}, {"model": "blog.post", "pk": 12, "fields": {"title": "Upcoming Grading", "body": "<p>It that time of the year our First in Person grading since our full Time return to the hall.\r\n</p>\r\nDates:<br>\r\nColoured Belts (Junior Members) 4 . 12 . 2021<br>\r\nColoured Belts (Seniors including Ladies) 4 .12 . 2021<br>\r\nBlack Belt Grading 5 . 12 . 2021 <br>\r\n\r\n<p>Times will be confirmed closer to the dates</p>\r\n<p>That means we are 5 WEEKS From Gradings </p>\r\n<p>Instructors will invite you to test in the coming sessions, at that point you will need to ensure your membership is valid and purchase your grading from the Shop.</p>\r\n\r\n<p>See you in the Dojang<br>\r\nYou Got this <br>\r\nHolly</p>\r\n\r\n<p><em>PS Laura is away this week - SO I will be running training whilst Laura is away. I look forward to getting to see our Tigers in action… I normally don’t get to train you guys… Or assist Emma :)</em></p>", "author": 3}}, {"model": "blog.post", "pk": 13, "fields": {"title": "Two Weeks Till Gradings", "body": "<p><strong>Hi Guys</strong></p>\r\n<p>We are just 2 weeks away from gradings. <br>\r\nHere is the planned timetable for grading Weekend</p>\r\n\r\nJuniors - Coloured Belts  - 10am - 12pm (Please arrive at 9:30 for Registration and Warm up)<br>\r\nSeniors inc Ladies - Coloured Belts - 2pm - 5pm (Please arrive at 1:30 for Registration and Warm up) <br>Your session <em>is</em> longer as we want to see what we know you can do.<br>\r\n<br>\r\nBlack Belt - SUNDAY. 2pm - 6pm (Please arrive at 1:30 for Registration and Warm up)<br>\r\nJuniors and Seniors will Grade together.<br>\r\n<p>\r\nGrading Checklist:\r\n<ul>\r\n<li> Valid Membership</li>\r\n<li> Grading Session Purchased from Shop</li>\r\n<li>Teifi Takewondo Passport (Book included with Initial membership)</li>\r\n<li>Clean Dobok</li>\r\n<li>Sparring Equipment</li>\r\n<li>Waterbottle</li>\r\n</ul>\r\n</p>\r\n<p>We’re close- and you wouldn’t have been invited to grade had your instructors not believed you were ready to test.</p>\r\n\r\n<p>See you in the Dojang<br>\r\nYou Got this<br>\r\nLaura & Holly</p>", "author": 3}}, {"model": "blog.post", "pk": 14, "fields": {"title": "Tigers Grading", "body": "<strong>Cubs We've not forgotten about you</strong>\r\nOur Tigers will grade in session (in the fun ways) following our grading weekend. -Week of December 6th<br>\r\nAll information will be given to parents this week (Theory information)<br>\r\n\r\nKeep Fighting<br>\r\nLaura & Emma", "author": 1}}, {"model": "blog.post", "pk": 15, "fields": {"title": "Christmas Party and Awards Event", "body": "The Coaches have been thinking.<br>\r\nWith gradings on the 4th and 5th (Tigers during the week of the 6th) we want to go out of the year on a high note<br>\r\n\r\n<p>\r\nTigers Christmas party - Saturday December 11th @ 1pm - 3pm <br>\r\nJuniors Christmas party - Saturday December 11th @ 3pm - 6pm <br>\r\nThis will include\r\n<ul>\r\n<li>Inflatables</li>\r\n<li>Hot Dogs</li>\r\n<li>Awards for the Year (every child will receive an award.)</li>\r\n<li>Games</li>\r\n<li>Visit from a special guest</li>\r\n</ul>\r\n</p>\r\n<p><em>Parents will be asked to stay- and as most are members- we will have a parental challenge planned on one of our inflatables - after the coaching team have playfully waged war with one another</em></p>\r\n<p>\r\nSeniors Christmas party - Will be arranged post classes (Ladies included) this week with Seniors, as we have a range of ages in class and we want to make sure everyone is involved.\r\n</p>", "author": 1}}, {"model": "blog.post", "pk": 16, "fields": {"title": "Grading Weekend!", "body": "<strong><em>It's Grading Weekend</em></strong>\r\n<p>We know you guys can do it. We’ve seen you  all grow in confidence and develop your skills and understanding of Taekwondo over the last several months.</p>\r\n<p>You wouldn't have been invited to grade if the instructors didn’t know you would soar through the tests with flying colours.</p>\r\n<p>\r\nTomorrow (or Sunday) <br>\r\nRelax<br>\r\nGive it your best\r\n</p>\r\n<p>\r\nGood Luck Everyone<br>\r\nLaura, Holly, Adam and Emma.</p>", "author": 1}}, {"model": "blog.post", "pk": 17, "fields": {"title": "WELL DONE EVERYONE", "body": "<p>What a Busy weekend</p>\r\n<p><em><strong>Congratulations to all our new belts.</strong></em><br>\r\nYou all soared like we knew you would.</p>\r\n<p>Big shout out to the Ladies who stepped up and showed the Men in the senior class what it was like to <em>'fight like a girl'</em> - Remember You are allowed to join in with the senior class whenever you want if you wish to do so - I'm positive the ladies who are already there and don't attend the or ladies only classes want to meet you on the mats again, and some of the men want to understand your approach to sparring.</p>\r\n<p>We look forward to seeing new colours and stripes fill the hall this week<br>\r\n<br>\r\nWear your new colours with pride.</p>\r\n\r\n<p>Tigers your chance to roar comes soon- We have your patches and stripes waiting for you.</p>\r\n\r\n<p>See You in the Dojang<br>\r\nYour Proud Instructor Team</p>", "author": 1}}, {"model": "blog.post", "pk": 18, "fields": {"title": "In House Competition?", "body": "<p>\r\nWith gradings done the instructor team have a question, and would like some input...<br>\r\n<br>\r\n<strong>How would you guys like to participate in an in-house Competition?</strong>\r\n</p>\r\n<p>\r\nWe would like to run a variety of competitions over one weekend. This includes at least both Forms and Sparring for Juniors and Senior sections.<br>\r\nBut in order to do this we want to know that members would want to “compete”.<br>\r\nSections would be split by grades, ages and gender- Ladies of the Ladies Classes and those in the senior classes would compete against each other<br>\r\nThe focus being members get to practice for tournaments outside of the club, whilst being in a safe environment with people they train and spar with on a regular basis.\r\n</p>\r\n<p>\r\nWe’ve also thought EVERY competitor, both Junior and Senior will receive a medal for competing that weekend. Competing (especially sparring for points not practice) is scary and everyone deserves to be rewarded for taking on the challenge.\r\n</p>\r\n<p>\r\nOur Tigers would have a separate “sports day” with us focused on showcasing and developing their skills... With Medals and Specially Designed Patches up for grabs!\r\n</p>\r\n<p>\r\nIf this Interests you please inform any one of the instructor team.\r\n</p>\r\n<p>\r\nSee You In the Dojang<br>\r\nLaura, Holly, Adam & Emma\r\n</p>", "author": 1}}, {"model": "blog.post", "pk": 19, "fields": {"title": "Nadolig Llawen", "body": "<strong>Nadolig Llawen a Blwyddyn Newydd Dda</strong>\r\n<br>\r\n<strong>Merry Christmas and A Happy New Year</strong>\r\n<br>\r\n<strong>즐거운 성탄절 보내시고 새해 복 많이 받으세요</strong>\r\n<br>\r\n<br>\r\n<p>We want to thank all members and parents for the har work and dedication you have given us during the last 12 months. Returning to us for outdoor sessions and then back to the hall in the Autumn has been  amazing and we (Myself, Holly, Adam and Emma) are eternally grateful for your commitment and support. Here's to 2022 and nothing major happening.</p>\r\n<p>\r\nSee You In The Dojang.... Classes Start Back Week Commencing January 10th 2022<br>\r\nLaura, Holly, Adam and Emma</p>\r\n<br>\r\n<br>\r\n<em>P.S. Happy Birthday Holly - from everyone at the club.</em>", "author": 1}}, {"model": "blog.post", "pk": 20, "fields": {"title": "Competition Update", "body": "<em>Hi Guys</em>\r\n<p>\r\nThe instructors have been blown away with the messages, conversations and enthusiasm we have had with and from members in junior, senior and ladies classes. <br>\r\n<strong>You guys want to compete</strong><br>\r\n<br>\r\nSo we <strong><em><u>WILL</u></em></strong> be having an in-house tournament.<br>\r\nThere will be two competitions<br>\r\n<ul>\r\n<li>Forms</li>\r\n<li>Sparring</li>\r\n</ul>\r\nEntry Forms will be created and distributed once we have finalised a date.\r\n</p>\r\n<p>\r\nI (Holly) will be over seeing the organisation of it- So Laura can keep the club and classes running smoothly.\r\n</p>\r\n<p>Catch you in the Dojang<br>\r\nHolly <br>\r\n</p>", "author": 3}}]